p_bit;pe
0.0;0.0
0.1;0.0028431000000000007
0.2;0.015564800000000007
0.3;0.03426569999999999
0.4;0.04976640000000001
0.5;0.0546875
0.6;0.047001600000000004
0.7;0.03056130000000001
0.8;0.013107199999999992
0.9;0.0022598999999999987
1.0;0.0
